Title,Author,ISBN,Call Number,Publication Year,Subject,Material Type,Location,Barcode,Total Checkouts,Last Checkout Date,Created Date,Item Status,Price,Collection
Advanced American Fiction,"Evans, Deborah",9781402418010,P251.D18,1997,Fiction,DVD,Main,38381094320374,0,,10/14/1997,Available,10.17,YA
Exploring Language & Literature,"White, Margaret",9789776552803,P778.C90,2007,ESL,Book,Children,33197031370373,2,01/31/2024,06/04/2007,Checked Out,23.05,Adult Non-Fiction
A Poetry,"Torres, Cynthia",9784673561638,P907.F74,2008,Poetry,CD,Main,35889305412567,2,09/03/2019,04/25/2010,Checked Out,45.44,Juvenile
Foundations of Local History,"Campbell, Edward",9786924716023,F687.E90,1993,State History,Book,YA,35028919575309,0,,12/08/1995,Available,15.04,Juvenile
Essential World Composers,"Scott, Sandra",9787609857128,M936.F28,1987,Composers,Book,YA,38024777783792,0,,03/09/1988,Available,14.16,Adult Fiction
Introduction to Colonial Period Theory,"Roberts, Brian",9789573276057,E774.A15,2002,Colonial Period,Book,YA,31205911172655,0,,07/20/2004,Available,11.34,Reference
The World Physics,"King, Betty",9787980611182,Q115.E56,1994,Physics,Audiobook,YA,34498718886087,2,02/23/2018,05/17/1996,Available,27.77,Juvenile
The Nursing,"Scott, Sandra",9781338258951,R941.A77,1980,Nursing,Periodical,Children,32218980537952,1,12/18/2020,05/08/1981,In Transit,17.9,Adult Fiction
Understanding American 20th Century,"Young, Karen",9786898796145,E170.E68,2012,20th Century,Periodical,YA,33127947929743,2,03/04/2019,12/07/2014,Available,23.75,Adult Fiction
A World Ethics,"Smith, John",9782419179580,B568.D76,1991,Ethics,CD,YA,35897284939565,0,,01/08/1993,Checked Out,11.48,Adult Fiction
Understanding ESL,"Walker, Paul",9784131356954,P591.H32,1998,ESL,CD,Main,38082661400559,1,04/09/2010,11/14/1998,Available,24.66,Adult Non-Fiction
Complete Guide to Social Sciences,"Jackson, Elizabeth",9783363629219,H460.C55,1982,Economics,Periodical,Main,33925887970752,0,,08/26/1982,Checked Out,40.86,YA
Essential ESL Today,"Smith, John",9782274350418,P925.A22,2003,ESL,Large Print,Main,32071775567376,2,05/01/2004,05/14/2004,Available,14.72,Adult Non-Fiction
Introduction to Logic,"Garcia, Maria",9782734202799,B942.C8,2007,Logic,Periodical,YA,31698338142294,0,,02/22/2009,In Transit,40.88,Adult Non-Fiction
Advanced Painting Today,"Phillips, Kevin",9786583444930,N536.F34,2012,Painting,CD,Main,32279624235099,3,03/24/2023,05/13/2012,Available,33.84,YA
Modern Drama,"Rodriguez, Carlos",9783271782991,P551.D65,2026,Drama,Book,YA,32823915366343,1,12/10/2025,06/10/2026,Available,25.2,Juvenile
Advanced 20th Century Today,"Anderson, Linda",9781218179599,E160.E37,2026,20th Century,Periodical,Children,35869759969308,1,10/16/2025,11/21/2026,Available,27.69,Adult Non-Fiction
The International Relations,"Nelson, Helen",9788879525611,J166.H71,2019,International Relations,DVD,YA,33605123258594,0,,12/05/2019,Checked Out,29.18,Adult Fiction
Foundations of Logic,"Taylor, Barbara",9784993808565,B921.F27,1989,Logic,Book,Main,34117333527642,0,,09/28/1990,Checked Out,24.03,Adult Non-Fiction
A Maps in Practice,"Turner, Ronald",9787271954644,G822.D35,2017,Maps,Large Print,Main,35006651823819,1,12/04/2023,08/08/2017,Available,39.2,Adult Non-Fiction
Foundations of American Drama,"Harris, Christopher",9785033992825,P286.B99,2002,Drama,Audiobook,Main,34140743004108,0,,11/27/2003,In Transit,28.83,Juvenile
A Logic in Practice,"Green, Andrew",9789597198563,B354.F56,1976,Logic,Large Print,YA,37404642497786,1,03/07/2022,04/09/1978,Checked Out,35.22,Adult Non-Fiction
Exploring World Drama,"Green, Andrew",9781546696950,P680.B93,2011,Drama,Audiobook,Children,36293843997145,1,07/11/2010,06/13/2012,Checked Out,19.93,Reference
Modern Manufacturing in Practice,"Carter, Sharon",9785659161352,T216.G75,1985,Manufacturing,DVD,YA,36895354835020,0,,08/22/1986,Available,16.9,Adult Fiction
Principles of Poetry Theory,"Wright, Steven",9783472487690,P151.A6,2009,Poetry,Book,Children,38028689830037,0,,08/14/2009,Available,41.78,Adult Fiction
Handbook of Poetry in Practice,"Turner, Ronald",9788737025391,P798.G29,1990,Poetry,Book,YA,36581719965733,2,09/19/2020,09/08/1990,Checked Out,25.88,Reference
Exploring Computing Theory,"Allen, Mark",9787533932947,T457.C96,1999,Computing,Periodical,Main,38736415487151,0,,11/09/1999,Available,37.33,Juvenile
Essential World Economics,"Thomas, Richard",9787045593274,H915.B18,1987,Economics,Audiobook,YA,38316330434746,0,,12/07/1987,Available,11.37,Adult Fiction
Complete Guide to Manufacturing,"Lewis, Daniel",9788884394611,T969.A98,1988,Manufacturing,CD,YA,39586586831180,0,,05/25/1989,Available,23.42,Juvenile
Introduction to American Painting,"King, Betty",9783847562279,N345.G93,2001,Painting,Large Print,Main,38540428193214,0,,01/13/2003,Available,30.89,YA
New Travel in Practice,"White, Margaret",9783019952485,G336.D59,1973,Travel,Large Print,YA,37158776599131,0,,07/09/1974,Available,39.88,Adult Non-Fiction
Introduction to Medicine,"Mitchell, Ruth",9785070585433,R973.D26,2011,Public Health,Book,Children,35508424872688,0,,08/22/2011,Available,13.22,Adult Fiction
Principles of World Fiction,"Lee, Susan",9783693985578,P988.E14,1997,Fiction,Book,Main,33129468527791,2,04/07/2017,07/23/1998,In Transit,11.8,Adult Non-Fiction
A International Relations in Practice,"Scott, Sandra",9785952059278,J71.F2,2004,International Relations,Audiobook,Main,39179694337567,0,,11/27/2005,Checked Out,26.0,Reference
New Sociology in Practice,"Taylor, Barbara",9782395925222,H851.B36,1990,Sociology,Book,Children,37241498528903,2,02/28/2009,10/22/1992,Available,21.44,Juvenile
Essential Economics in Practice,"Parker, Jeffrey",9787403028869,H11.D11,2026,Economics,Periodical,Main,36175835252782,5,06/30/2025,04/23/2026,Available,32.89,YA
Advanced American Biology,"Young, Karen",9786611903015,Q378.H71,1991,Biology,CD,Main,36549924889665,0,,06/23/1992,Available,25.78,Reference
New American Nutrition,"Ramirez, Lisa",9782272368870,R222.H36,2014,Nutrition,Book,Main,36317940208019,0,,05/04/2016,Available,39.8,Reference
New Colonial Period in Practice,"Roberts, Brian",9787351029162,E567.E90,1987,Colonial Period,Book,Main,35441216845401,0,,01/19/1987,Checked Out,19.51,Adult Non-Fiction
Exploring Engineering,"Hill, George",9787539399243,T76.A20,1993,Engineering,eBook,Children,38790677704253,0,,02/18/1993,Available,37.27,Reference
Understanding Painting Today,"Roberts, Brian",9781322401182,N62.B98,1989,Painting,CD,Main,38925969230733,1,05/28/2015,02/06/1991,In Transit,15.42,YA
Foundations of Social Sciences,"Jones, Michael",9785010075517,H724.E90,1972,Sociology,DVD,Children,32254741350632,0,,11/19/1973,Available,33.45,Adult Fiction
Advanced Public Health Today,"King, Betty",9782880160025,R944.E57,1989,Public Health,CD,YA,31452046888046,1,09/18/2003,07/09/1991,Available,28.97,Adult Fiction
New Science,"Edwards, Timothy",9787808938880,Q784.E74,2008,Mathematics,Book,Children,32606184861954,1,03/30/2016,09/21/2009,Checked Out,42.88,Juvenile
Complete Guide to Instruments Today,"Turner, Ronald",9785452580287,M879.C43,1991,Instruments,Book,Main,35438052057666,0,,07/27/1993,Available,37.13,Adult Non-Fiction
Essential Nutrition,"King, Betty",9787981077394,R845.A85,1995,Nutrition,Periodical,Main,35695273530516,2,03/26/1998,09/12/1995,In Transit,36.98,Adult Fiction
Advanced Social Sciences,"Taylor, Barbara",9785782279101,H125.A81,1998,Finance,eBook,Main,39766689552078,1,05/22/2001,09/01/1999,Available,24.09,Reference
Understanding American Physics,"Lewis, Daniel",9787077131430,Q484.D59,1994,Physics,eBook,YA,35973583146473,0,,12/05/1996,Available,40.96,Reference
New American Drama,"Nelson, Helen",9782644847276,P458.H45,2021,Drama,Book,Children,36596529850410,8,01/18/2024,08/11/2022,Checked Out,45.28,YA
Complete Guide to Higher Education,"Miller, David",9781662976399,L508.A17,2012,Higher Education,Book,Children,36953962936432,8,12/06/2022,08/01/2014,In Transit,24.16,YA
The American ESL,"Adams, Kenneth",9785283911723,P873.G41,1995,ESL,Audiobook,Main,32768979257948,2,06/18/1995,04/21/1995,Checked Out,43.06,Adult Fiction
Essential Science,"Clark, Dorothy",9784403845222,Q333.A38,1998,Biology,Book,Main,32388026353770,0,,09/14/1998,In Transit,29.93,YA
Exploring World Drama,"King, Betty",9781678500147,P147.D60,2005,Drama,CD,Children,37081438479973,0,,08/10/2005,In Transit,34.06,Juvenile
A Language & Literature,"Wright, Steven",9788298348088,P468.E26,2017,ESL,DVD,Main,37964969062355,5,09/19/2019,10/12/2018,Available,19.94,Adult Non-Fiction
Foundations of Language & Literature,"Thomas, Richard",9784600630513,P853.E30,1993,Drama,eBook,Main,31694265746449,1,04/08/1992,05/22/1995,Available,35.66,YA
Introduction to Philosophy & Psychology,"Walker, Paul",9789218363978,B93.E42,2007,Logic,Book,Main,36191784335277,0,,09/12/2007,Available,28.63,Adult Non-Fiction
New Drama in Practice,"Garcia, Maria",9782595467139,P881.G72,1994,Drama,Book,Main,31440111641929,0,,05/18/1994,In Transit,13.56,Reference
Essential International Relations,"Carter, Sharon",9783115806625,J651.H90,2009,International Relations,Book,Main,33386015594370,0,,01/02/2009,Checked Out,20.25,YA
Principles of Teaching Methods in Practice,"Scott, Sandra",9782557724698,L430.C54,2012,Teaching Methods,Periodical,Main,32066692381848,5,11/07/2017,01/23/2013,Checked Out,17.03,Juvenile
The Anthropology,"Campbell, Edward",9784735313433,G94.D83,1977,Anthropology,eBook,Main,33597486134510,2,10/02/2007,04/05/1978,In Transit,11.53,Adult Non-Fiction
The Social Sciences,"Phillips, Kevin",9781067779246,H554.E23,2024,Economics,Book,Main,33229313078707,2,10/29/2024,06/26/2024,Checked Out,30.78,Reference
Complete Guide to American 20th Century,"Miller, David",9786590459705,E460.F66,2017,20th Century,eBook,Main,38500737831793,0,,10/02/2017,Available,35.9,YA
Principles of World Physics,"Jackson, Elizabeth",9787573691558,Q330.C9,1991,Physics,Book,Children,32745604414217,0,,09/23/1993,Available,21.02,Reference
Essential Biology in Practice,"King, Betty",9788151583833,Q910.D53,1987,Biology,eBook,Main,33688450208684,0,,02/11/1989,Checked Out,24.78,Adult Non-Fiction
New World History,"Clark, Dorothy",9783877685081,D443.B96,2023,African History,Book,Children,38442105803007,1,01/05/2023,01/19/2025,Available,29.77,Juvenile
A ESL Today,"Thomas, Richard",9783465740756,P592.D20,2009,ESL,Book,Children,31507954820162,0,,06/04/2011,Available,37.21,Juvenile
Introduction to World Chemistry,"Jones, Michael",9786218955985,Q7.C19,1999,Chemistry,Audiobook,Children,36997722739047,0,,01/03/2001,Available,36.6,Juvenile
New American Economics,"Hernandez, Luis",9787116096874,H611.B7,2016,Economics,CD,YA,38286163099335,1,02/10/2023,11/03/2016,Available,25.39,Adult Fiction
Principles of Nutrition in Practice,"Evans, Deborah",9783574081104,R441.B37,2002,Nutrition,Audiobook,Main,36300867633911,0,,11/10/2004,Available,10.67,Adult Fiction
Introduction to Medicine,"Young, Karen",9782521136431,R123.A64,1986,Nutrition,Audiobook,Children,38670993277488,0,,09/23/1987,Available,17.5,YA
Exploring African History,"Walker, Paul",9787949795085,D440.G91,2025,African History,CD,Main,38679780040210,8,09/06/2025,01/11/2026,Available,38.64,Adult Fiction
Understanding Photography Today,"White, Margaret",9788628842157,N81.G40,2007,Photography,Periodical,Main,33597660804094,0,,02/17/2007,Available,32.42,Adult Non-Fiction
Introduction to 20th Century Theory,"Jones, Michael",9787977267911,E617.C98,1986,20th Century,Book,Main,38735884457187,0,,08/15/1988,Available,36.9,YA
Complete Guide to Fiction in Practice,"Lee, Susan",9784673457063,P606.A46,2009,Fiction,DVD,YA,39918903659884,2,09/22/2019,01/12/2009,Checked Out,11.83,YA
Introduction to ESL,"Green, Andrew",9784067961943,P931.D42,2025,ESL,eBook,YA,34035022005702,0,,02/26/2026,Available,42.26,Adult Fiction
Essential Biology in Practice,"Martin, Joseph",9782437308013,Q536.C47,1991,Biology,Periodical,Main,37801846846666,0,,11/20/1992,Available,10.93,Juvenile
Exploring World Physics,"Harris, Christopher",9785028688786,Q342.B75,2019,Physics,Book,Main,37625240122441,3,09/18/2024,11/13/2021,Available,31.01,Adult Fiction
Introduction to Language & Literature,"Lee, Susan",9781665484476,P521.F3,2023,Drama,Large Print,Main,39929671404650,1,11/22/2024,08/07/2024,In Transit,45.99,Reference
Advanced Ethics Theory,"Lopez, Laura",9784090596936,B135.G20,2012,Ethics,CD,Children,36014849321798,1,05/06/2016,03/24/2014,Checked Out,10.61,Adult Fiction
New ESL Today,"King, Betty",9783597009738,P926.D48,2005,ESL,eBook,Main,32807899024580,0,,09/17/2006,In Transit,24.48,Adult Non-Fiction
A Social Sciences,"Young, Karen",9787451071432,H280.H66,1975,Economics,Book,Main,37593125292044,2,12/09/1988,06/01/1976,Available,10.96,Adult Non-Fiction
Complete Guide to World Economics,"Martin, Joseph",9784890628295,H811.C18,1976,Economics,Audiobook,Main,34793555307267,2,12/01/1985,12/16/1976,Available,31.76,Reference
The Science,"Davis, Jennifer",9789182543558,Q114.E31,2012,Biology,Large Print,YA,31290065142322,3,03/11/2012,11/26/2013,In Transit,25.9,Reference
Principles of Sociology in Practice,"Taylor, Barbara",9789481076448,H440.A79,2015,Sociology,DVD,Main,39927278855318,0,,11/22/2015,In Transit,12.16,Reference
The Psychology Today,"Collins, Carolyn",9788544878538,B45.G48,1994,Psychology,eBook,Main,37197828228450,2,04/14/1993,06/08/1994,In Transit,33.3,Juvenile
A World Engineering,"Rodriguez, Carlos",9784397788197,T713.H81,2017,Engineering,eBook,Main,35455914322464,0,,01/10/2018,Available,16.45,Adult Fiction
Essential Economics in Practice,"Clark, Dorothy",9787431813987,H887.F35,1992,Economics,Book,YA,32389097648780,2,12/15/2010,08/13/1994,Checked Out,45.02,Reference
Exploring Computing Today,"Phillips, Kevin",9787201539282,T329.B11,2008,Computing,DVD,Children,38653623778353,1,08/09/2016,10/23/2009,Available,15.16,Adult Non-Fiction
Foundations of European History Theory,"Campbell, Edward",9788065920767,D373.C4,2012,European History,Large Print,Main,31569371980280,5,08/27/2024,01/05/2013,In Transit,17.72,Adult Fiction
Modern Physics in Practice,"Baker, Donna",9781487258103,Q455.B74,1992,Physics,Audiobook,Main,33072586602603,0,,11/09/1993,Available,18.23,Juvenile
A Mathematics in Practice,"Rodriguez, Carlos",9789532273208,Q293.H26,1992,Mathematics,CD,Main,32141213786624,0,,12/15/1992,In Transit,45.89,Reference
A Social Sciences,"Thomas, Richard",9786879428703,H729.C47,1989,Finance,Book,YA,32519921265064,2,01/01/2004,04/26/1989,Available,9.96,Juvenile
A Education,"Hill, George",9787517011632,L539.G99,2015,Higher Education,eBook,Main,33271892807228,5,01/26/2016,11/03/2016,Checked Out,26.23,Reference
Modern World Engineering,"Hernandez, Luis",9782076341629,T531.C39,1992,Engineering,Book,YA,33200202013765,2,06/03/2013,06/17/1992,Available,40.29,Reference
The Drama Theory,"Hill, George",9787752277876,P607.C22,1995,Drama,Book,YA,31535320390996,1,05/22/1997,02/02/1995,Checked Out,37.52,Reference
Advanced Sociology,"Jones, Michael",9786171239466,H251.G39,2011,Sociology,eBook,YA,36498175191205,0,,08/14/2011,Available,26.91,Juvenile
A Teaching Methods Today,"King, Betty",9789355364489,L528.B41,1978,Teaching Methods,Audiobook,YA,35365482647779,2,06/23/2017,04/05/1979,Available,10.86,Juvenile
The Drama,"Scott, Sandra",9782515672889,P511.H64,2010,Drama,Book,Main,39707107125252,0,,09/15/2011,In Transit,44.76,YA
New Finance in Practice,"Clark, Dorothy",9783412985084,H442.C34,2004,Finance,Book,Main,36079027418261,0,,01/13/2005,Available,10.88,YA
Modern Fiction Theory,"Robinson, Nancy",9781172893522,P287.B17,2018,Fiction,Periodical,Main,33621892801489,8,09/11/2017,09/12/2019,In Transit,14.33,Reference
Principles of 20th Century Today,"Lee, Susan",9786582557981,E167.G79,1990,20th Century,Audiobook,Main,36825557738119,1,03/10/2004,09/18/1992,Available,35.21,YA
The American Poetry,"Parker, Jeffrey",9782632905061,P612.H34,2009,Poetry,Book,Main,34354841455850,2,01/21/2012,03/17/2010,Available,35.67,YA
Principles of Finance in Practice,"Stewart, Janet",9783227727430,H708.D53,1996,Finance,Large Print,YA,39416685175320,0,,12/02/1998,In Transit,35.1,YA
Foundations of Finance Theory,"Evans, Deborah",9785111732824,H351.F87,1981,Finance,Periodical,Main,36250846999629,0,,05/20/1983,Available,26.9,Juvenile
Handbook of Nursing Theory,"Harris, Christopher",9787627954353,R707.H41,1988,Nursing,Book,Children,37072303693687,1,09/11/2020,05/10/1990,Available,30.21,Juvenile
Complete Guide to Philosophy & Psychology,"Collins, Carolyn",9781589582865,B355.H84,1988,Psychology,Book,YA,35265930233598,1,12/13/2000,09/09/1988,Available,34.75,Reference
A World Finance,"Wright, Steven",9785973319056,H103.G43,2010,Finance,Book,Children,36055021519384,0,,01/18/2010,Available,45.17,Juvenile
Essential Fiction Theory,"Lopez, Laura",9781160916026,P668.D69,1993,Fiction,Book,Main,36896917056712,2,05/09/2008,01/27/1993,Available,38.14,YA
Understanding ESL Theory,"Jackson, Elizabeth",9784086355679,P911.C65,2024,ESL,eBook,Main,36930218618241,20,08/04/2023,06/06/2024,Available,32.98,Reference
Essential World Biology,"Garcia, Maria",9785019339446,Q877.G55,2009,Biology,CD,Main,37748513686251,0,,03/05/2009,Available,26.66,YA
Advanced Medicine,"Clark, Dorothy",9785980945846,R597.A34,1987,Nutrition,DVD,YA,36470799809944,0,,11/04/1987,Available,26.21,Juvenile
Advanced American Teaching Methods,"King, Betty",9789941564880,L981.C62,2009,Teaching Methods,Book,Children,32371648421600,0,,07/23/2010,In Transit,29.31,Adult Non-Fiction
Complete Guide to Psychology,"Baker, Donna",9785533921266,B208.C22,2023,Psychology,Periodical,Main,38307943753187,20,11/22/2022,04/23/2025,Checked Out,27.08,Reference
Advanced Philosophy & Psychology,"Smith, John",9784008130163,B741.A51,2005,Psychology,DVD,YA,32060831683426,0,,02/02/2007,Available,24.67,YA
Foundations of Logic in Practice,"Parker, Jeffrey",9789189503254,B788.C99,1988,Logic,Book,Children,37119728332248,0,,07/15/1989,Available,41.17,Adult Fiction
Complete Guide to World Fiction,"Lee, Susan",9781986399651,P746.D1,2015,Fiction,Book,Children,33728790977712,3,03/26/2014,09/14/2017,Available,23.02,Adult Fiction
Understanding Bibliography,"Taylor, Barbara",9781209063208,Z33.G79,2016,Bibliography,Book,Main,38719783947424,8,02/26/2021,10/02/2016,Available,31.11,Reference
Modern American Finance,"Hill, George",9784763500857,H144.E30,2018,Finance,Book,YA,38272329003485,8,07/26/2022,11/27/2020,Available,17.76,Juvenile
Modern World Psychology,"Brown, Patricia",9787083067988,B642.G72,2005,Psychology,Book,Main,37619832614413,1,05/26/2014,07/26/2007,Available,20.78,Reference
Essential Fiction in Practice,"Nelson, Helen",9786168291913,P308.C60,2005,Fiction,Book,Main,38915290690200,2,06/14/2017,09/05/2007,Available,17.98,Adult Non-Fiction
Principles of World Poetry,"Edwards, Timothy",9786725038117,P387.A10,2002,Poetry,DVD,Main,33064768913840,0,,09/07/2004,Checked Out,26.73,Adult Fiction
Exploring Biology in Practice,"Stewart, Janet",9789086615744,Q407.D71,2012,Biology,Book,Children,36634308743034,5,02/07/2018,09/21/2013,Available,20.4,Juvenile
Exploring American Economics,"Johnson, Mary",9781654602021,H885.D95,1996,Economics,CD,Main,37679662067747,0,,10/24/1998,In Transit,24.44,Adult Fiction
Introduction to World ESL,"King, Betty",9789842186844,P782.H93,2025,ESL,DVD,Main,38254227181265,8,08/18/2024,03/05/2026,Available,27.06,Adult Fiction
Foundations of World Ethics,"Mitchell, Ruth",9789618334441,B224.H48,2015,Ethics,Book,YA,31207925115648,0,,08/22/2017,Available,27.04,Reference
Handbook of Science,"Miller, David",9786817280229,Q18.G23,1995,Mathematics,DVD,Children,37563049413375,1,07/19/2002,04/20/1995,Checked Out,18.33,YA
Essential Fiction in Practice,"Garcia, Maria",9784018696945,P308.B84,2005,Fiction,Book,Main,36827344523970,1,11/26/2024,09/16/2006,In Transit,32.55,Adult Non-Fiction
Foundations of Fiction Today,"Jones, Michael",9782350701477,P923.H35,1992,Fiction,Book,Main,33536552005535,0,,10/22/1994,Checked Out,10.21,Adult Non-Fiction
Essential Finance Theory,"White, Margaret",9789479654136,H581.G87,1980,Finance,Book,Main,38688411017095,1,02/16/2019,03/26/1982,Available,27.52,Adult Non-Fiction
Exploring Government Theory,"Roberts, Brian",9786907413963,J978.G42,2008,Government,CD,Main,37685806676812,2,03/08/2018,08/08/2009,Available,29.45,Reference
New World Sociology,"Torres, Cynthia",9781457632732,H85.E20,2021,Sociology,Book,Main,36424298710905,0,,12/13/2021,Checked Out,20.71,Juvenile
Handbook of American Nursing,"Nelson, Helen",9783380355948,R90.C56,1987,Nursing,Book,YA,31216402949080,0,,02/01/1988,Available,12.31,YA
Essential Education,"Evans, Deborah",9781626785308,L927.D74,2019,Teaching Methods,Periodical,Main,35855179964849,0,,05/10/2019,Checked Out,18.92,Juvenile
Principles of Language & Literature,"Campbell, Edward",9789370133032,P967.D93,1994,ESL,DVD,Main,36797613995870,0,,02/05/1995,Checked Out,20.26,Juvenile
Essential Sculpture Today,"Lopez, Laura",9786336171726,N329.D62,2022,Sculpture,DVD,Children,37913977650323,2,08/12/2022,12/23/2023,Available,27.16,Adult Non-Fiction
Understanding ESL in Practice,"Torres, Cynthia",9782300656317,P185.A94,2002,ESL,Periodical,Main,33712953299698,1,10/23/2007,12/03/2003,Checked Out,33.89,YA
Essential American African History,"Turner, Ronald",9784927323476,D597.G69,1998,African History,eBook,Main,35366989405230,1,01/29/2002,06/23/1998,Available,30.96,Adult Fiction
A Fiction Today,"Smith, John",9786244291385,P991.F56,1992,Fiction,Large Print,Main,39144937901670,1,11/22/2002,09/24/1992,In Transit,29.64,Reference
Advanced American History,"Davis, Jennifer",9787369118672,E108.E54,1992,Colonial Period,eBook,Children,38705590616761,0,,05/11/1993,Checked Out,25.84,Juvenile
New Philosophy & Psychology,"Evans, Deborah",9785982744929,B24.F83,1989,Ethics,Book,YA,35077908471396,0,,04/17/1991,Checked Out,15.44,Adult Fiction
Complete Guide to American Anthropology,"Wilson, James",9784418828570,G406.A95,2010,Anthropology,Large Print,YA,37434663995794,1,05/10/2010,07/01/2011,Available,16.94,Adult Fiction
Essential American ESL,"Mitchell, Ruth",9783651552513,P541.F77,1997,ESL,eBook,Main,32492888405555,0,,06/12/1997,Available,40.27,Juvenile
Essential Colonial Period in Practice,"Green, Andrew",9786092773357,E188.F89,1985,Colonial Period,Book,YA,34049426348751,0,,03/19/1987,In Transit,23.19,Adult Fiction
The Fiction in Practice,"Harris, Christopher",9788099880573,P323.H80,2008,Fiction,Book,Children,39653004883952,0,,04/27/2008,Checked Out,23.2,YA
Understanding American Fiction,"Jackson, Elizabeth",9788584566722,P32.D38,2000,Fiction,CD,YA,32990763753032,0,,03/25/2001,In Transit,25.91,Adult Non-Fiction
Handbook of Social Sciences,"Allen, Mark",9785292015249,H556.A98,2019,Finance,Audiobook,Children,37130047114186,3,10/31/2018,02/24/2020,Available,36.79,YA
Essential Technology,"Roberts, Brian",9784459340599,T215.F91,2000,Manufacturing,Book,YA,33961546460241,2,11/22/2016,03/26/2002,Available,39.09,Juvenile
Exploring Sociology Theory,"Brown, Patricia",9782072355594,H922.B18,2006,Sociology,Periodical,Main,35354360173104,0,,03/23/2008,Checked Out,41.03,YA
Foundations of Civil War Theory,"Jones, Michael",9786880115912,E643.G49,2006,Civil War,DVD,Children,32639529565504,1,05/06/2009,07/17/2006,Checked Out,19.28,Juvenile
Exploring Engineering Today,"Scott, Sandra",9788956094389,T408.D55,1993,Engineering,Periodical,Main,31853677380710,2,03/28/2000,06/18/1994,Available,13.82,Adult Non-Fiction
Essential Language & Literature,"Smith, John",9789059914313,P952.C57,2019,ESL,Book,Main,37342183162808,0,,03/21/2021,Available,20.16,Adult Non-Fiction
Advanced Higher Education Theory,"Parker, Jeffrey",9781004665657,L54.G81,2012,Higher Education,Book,Children,33332501986014,5,02/12/2024,07/21/2012,In Transit,35.03,Adult Fiction
Introduction to ESL in Practice,"Turner, Ronald",9784461558269,P713.F16,2018,ESL,Book,Main,37465271614827,0,,04/13/2018,Available,12.3,Adult Fiction
Foundations of Education,"Mitchell, Ruth",9788243746556,L657.C9,2019,Teaching Methods,Book,Main,33461447755004,8,10/10/2023,06/24/2020,Available,32.23,Reference
A Science,"Carter, Sharon",9789056616444,Q323.C32,2009,Biology,Large Print,Main,34317903135288,0,,10/20/2011,Checked Out,35.67,Juvenile
Foundations of American Poetry,"Scott, Sandra",9785861829469,P507.G15,1993,Poetry,Book,YA,37427078669935,2,12/18/2009,09/01/1993,In Transit,43.55,Adult Fiction
The Nursing,"Anderson, Linda",9782727768349,R18.B2,2000,Nursing,Book,YA,35879738605761,2,09/08/2003,09/10/2001,Available,37.37,Juvenile
New African History Theory,"Roberts, Brian",9788295757364,D550.F51,2002,African History,Book,Main,35299510967453,0,,11/21/2004,Available,11.44,YA
Advanced American History,"Phillips, Kevin",9785998623100,E57.E86,1999,20th Century,CD,Main,35560055965394,1,01/03/2020,01/23/1999,Available,34.95,Juvenile
New Colonial Period in Practice,"White, Margaret",9785625980561,E751.B99,2017,Colonial Period,DVD,Children,37337270553072,8,03/19/2023,09/03/2018,Available,35.35,YA
Foundations of World Engineering,"Hill, George",9784706249669,T162.E99,2007,Engineering,Audiobook,Main,39298074305031,0,,04/24/2007,Available,27.82,YA
Essential World Civil War,"Taylor, Barbara",9781226225156,E567.G29,1981,Civil War,Book,Main,31811668992099,2,03/05/2019,05/27/1982,Checked Out,30.14,Adult Non-Fiction
Complete Guide to Bibliography,"Nelson, Helen",9786336857629,Z793.E42,1999,Bibliography,DVD,Main,33646752666245,2,11/14/2000,04/10/2000,Available,38.02,YA
Foundations of Ethics in Practice,"Edwards, Timothy",9785222449983,B652.A43,1984,Ethics,Audiobook,Children,33508247841048,1,07/01/2021,12/10/1986,Available,16.58,Adult Non-Fiction
Principles of Logic,"Garcia, Maria",9785562470175,B423.F59,1984,Logic,Periodical,Main,36129207878282,2,05/19/1989,03/21/1986,Available,23.58,Juvenile
Understanding Agriculture,"Jones, Michael",9787296658772,S326.H35,1995,Farming,Audiobook,Children,34654030772744,1,06/03/2021,02/05/1997,Checked Out,15.07,Juvenile
Advanced American Drama,"Torres, Cynthia",9789981691030,P93.C88,2006,Drama,Book,Main,37261926596637,2,12/13/2006,04/27/2006,Checked Out,21.12,Reference
Handbook of World Psychology,"Allen, Mark",9784409386903,B840.C4,2013,Psychology,DVD,Main,32082383113193,1,10/19/2015,04/04/2015,Available,12.76,Adult Fiction
A Anthropology,"Moore, William",9788769111397,G703.B75,2022,Anthropology,Audiobook,Main,31891038188396,12,09/04/2023,04/21/2022,Available,38.93,Reference
Modern Fine Arts,"Lopez, Laura",9789738752801,N31.G88,2022,Sculpture,eBook,YA,35323386996526,12,08/30/2023,05/09/2022,Available,41.68,YA
Essential Fine Arts,"Rodriguez, Carlos",9788358870981,N63.B36,2026,Sculpture,eBook,Children,37053690602618,20,04/12/2025,09/08/2026,In Transit,45.77,Reference
New Economics Theory,"Johnson, Mary",9787568861677,H27.F77,1994,Economics,Book,YA,35097397107092,0,,01/26/1995,Available,45.68,Adult Non-Fiction
New Economics in Practice,"Hill, George",9783540741595,H547.A98,2012,Economics,DVD,Main,33502091637697,0,,03/06/2013,In Transit,17.74,Adult Fiction
Understanding American Engineering,"Brown, Patricia",9785855415646,T180.H5,1998,Engineering,DVD,Main,32045066856313,1,09/20/2004,01/17/1998,Available,9.02,Adult Fiction
Foundations of Drama in Practice,"Torres, Cynthia",9785191289674,P867.F10,1999,Drama,Book,Children,39572585767810,2,08/16/2012,02/11/2001,Available,20.93,Adult Fiction
Exploring World Physics,"Lewis, Daniel",9781139082827,Q806.F29,2006,Physics,CD,YA,34885276297646,1,03/06/2022,05/05/2008,In Transit,35.96,Adult Non-Fiction
A Poetry Theory,"Roberts, Brian",9786737000272,P244.F41,1999,Poetry,Book,Main,34686221018728,0,,11/21/2001,Available,35.97,Adult Non-Fiction
Advanced International Relations in Practice,"Allen, Mark",9787640122370,J738.A7,1986,International Relations,Book,Main,39434580500910,2,08/11/1986,07/16/1986,In Transit,23.0,Adult Fiction
A Local History Today,"Miller, David",9785694848867,F302.A41,1998,Local History,Book,YA,39494986721389,0,,07/06/1998,Available,36.07,YA
Understanding Drama in Practice,"Anderson, Linda",9786504099682,P161.A13,2000,Drama,Large Print,Main,31872290316859,1,12/07/2001,09/24/2002,Checked Out,18.8,Reference
Foundations of World Fiction,"Martin, Joseph",9781888856289,P370.A55,2021,Fiction,Book,Main,32443010475011,0,,08/07/2023,Checked Out,12.58,Adult Non-Fiction
Essential Social Sciences,"Adams, Kenneth",9786425814872,H501.E12,2020,Finance,eBook,Children,34978271013961,2,01/26/2024,07/12/2021,Available,25.48,Reference
Principles of Philosophy & Psychology,"Edwards, Timothy",9784786674545,B88.F70,1979,Psychology,Book,Children,32388557996640,2,06/08/1991,01/27/1981,Checked Out,39.27,Adult Non-Fiction
Introduction to Language & Literature,"Lopez, Laura",9788228968839,P694.C16,2026,ESL,CD,Main,33601149130164,20,07/27/2025,03/02/2026,In Transit,11.89,Juvenile
Modern Sociology Theory,"Nelson, Helen",9782802141793,H90.G72,2016,Sociology,Book,Children,33607687857565,8,11/17/2015,09/15/2017,In Transit,41.31,Reference
Exploring Drama in Practice,"Walker, Paul",9781160913827,P799.B37,1996,Drama,CD,Main,33531466497340,0,,08/19/1998,In Transit,31.52,Reference
Advanced Physics in Practice,"Brown, Patricia",9786596578419,Q406.F89,2023,Physics,Book,Main,39649389165293,12,04/08/2024,06/01/2024,Available,39.23,Adult Fiction
Principles of World 20th Century,"Walker, Paul",9789831336766,E793.F35,1989,20th Century,eBook,Main,36472070157828,1,09/05/2016,04/15/1989,In Transit,42.79,YA
The American History,"Wilson, James",9786471691689,E901.A23,2019,Colonial Period,Periodical,Children,37981491357271,8,02/13/2022,08/02/2019,Available,35.06,Adult Non-Fiction
Modern Finance Today,"Nelson, Helen",9785683197659,H457.C61,1993,Finance,CD,Main,31873538648002,0,,05/24/1993,Available,39.73,Reference
Foundations of Public Health in Practice,"Jackson, Elizabeth",9783930025537,R663.D87,1983,Public Health,Book,Children,33327492236159,2,02/28/1991,01/28/1985,Available,44.77,Reference
Exploring Forestry in Practice,"Carter, Sharon",9787299420031,S623.E92,1970,Forestry,DVD,YA,31129288446020,0,,06/15/1971,In Transit,18.31,Juvenile
Modern Drama Theory,"Roberts, Brian",9782283298067,P494.B44,2008,Drama,Book,Main,35562524880607,0,,05/21/2009,Checked Out,35.3,YA
Handbook of World Teaching Methods,"Evans, Deborah",9784631048029,L726.D44,2017,Teaching Methods,CD,YA,36167623629674,0,,11/12/2018,Available,27.76,YA
A American History,"Carter, Sharon",9786717963562,E782.C88,2017,Civil War,Periodical,Main,36173655631380,1,05/22/2016,04/24/2018,Checked Out,20.35,Adult Non-Fiction
A Poetry Theory,"Green, Andrew",9781647588523,P595.B61,1993,Poetry,CD,Main,38199836944048,2,10/11/2012,07/17/1995,In Transit,24.27,YA
Introduction to Civil War Today,"Roberts, Brian",9784283432667,E798.B63,1990,Civil War,Book,Children,32549537237858,2,11/19/2005,01/01/1992,Available,19.11,Reference
Handbook of Fine Arts,"Williams, Robert",9783280772748,N440.H50,2010,Painting,Large Print,Main,31071626087892,0,,06/01/2012,Available,41.99,Adult Fiction
A Biology Theory,"Hernandez, Luis",9787546035453,Q106.G65,2004,Biology,Book,Children,33357917599678,0,,05/10/2004,Available,25.86,YA
Advanced Law,"Thomas, Richard",9781725783958,K971.G3,2018,Constitutional Law,Book,Main,31660532156542,0,,12/01/2018,Checked Out,30.81,Juvenile
The Public Health,"Carter, Sharon",9787645527239,R609.A85,2004,Public Health,Book,Children,33695958995642,1,03/26/2006,02/14/2006,Available,23.06,Adult Non-Fiction
Introduction to Finance in Practice,"Turner, Ronald",9785751366455,H679.E80,1996,Finance,Book,Main,34515898890988,1,06/15/1998,09/24/1996,Available,13.35,Reference
Understanding World Anthropology,"Scott, Sandra",9783122160665,G303.C6,1992,Anthropology,Large Print,Main,32781224196875,1,01/15/2026,06/08/1993,Available,9.46,Adult Fiction
Modern Fiction Theory,"Martin, Joseph",9781197092148,P52.B23,2008,Fiction,eBook,Main,36781758325080,0,,06/14/2010,Available,36.32,YA
Essential Fiction in Practice,"Robinson, Nancy",9781716309186,P382.F24,2007,Fiction,Book,Main,32821750731550,1,01/31/2007,07/23/2008,Checked Out,26.69,Reference
Advanced Language & Literature,"Evans, Deborah",9785566993537,P626.G46,2026,Fiction,Book,Main,36952279828019,15,08/02/2025,08/04/2026,In Transit,25.3,Reference
Foundations of World Biology,"Phillips, Kevin",9785013094698,Q678.D62,2024,Biology,Large Print,YA,39258572906888,1,11/09/2025,03/27/2025,Checked Out,9.42,Adult Fiction
Understanding American European History,"Green, Andrew",9787756133581,D247.F36,2018,European History,Audiobook,Main,39769707273837,2,07/12/2023,07/13/2020,Checked Out,11.91,Juvenile
Handbook of Colonial Period,"Nelson, Helen",9783415200001,E106.G53,2001,Colonial Period,Book,Children,36999856089417,1,07/01/2012,10/20/2001,Available,41.92,Adult Non-Fiction
Advanced Manufacturing in Practice,"Clark, Dorothy",9786761084958,T340.H92,1988,Manufacturing,eBook,Main,31803615534873,2,08/09/1996,02/25/1988,Available,17.19,YA
Understanding Colonial Period in Practice,"Robinson, Nancy",9789125023089,E261.D25,2022,Colonial Period,Book,Children,39873214272403,12,07/23/2025,12/11/2022,Available,37.0,YA
New General Works,"Green, Andrew",9789080510951,A567.G75,2003,Encyclopedias,Book,Children,35366961146954,1,05/27/2020,10/06/2005,Available,12.82,YA
Handbook of International Relations Theory,"Turner, Ronald",9783716924538,J142.G78,1988,International Relations,Book,Main,36114079340460,0,,12/24/1989,Available,43.6,Adult Fiction
Modern American Mathematics,"Edwards, Timothy",9788344925075,Q556.F91,2018,Mathematics,Periodical,YA,38433932552572,0,,10/19/2019,Available,43.87,Reference
New World History,"Edwards, Timothy",9789856363546,D55.A26,1971,Asian History,Book,Main,31569259999493,0,,11/09/1972,Available,14.41,YA
Essential World History,"Nelson, Helen",9789274189261,D886.D96,2009,African History,Periodical,Children,36500500830412,2,08/15/2010,12/10/2011,In Transit,33.58,Adult Non-Fiction
Advanced World Logic,"Torres, Cynthia",9785141593270,B636.H29,2017,Logic,Book,Main,34120073902313,1,11/18/2017,10/18/2018,Available,31.32,Adult Fiction
Exploring Local History,"Nelson, Helen",9785026508020,F387.A55,2017,Local History,Book,Main,36298537472799,3,04/21/2023,10/28/2017,Checked Out,9.2,Reference
Introduction to Fiction in Practice,"Green, Andrew",9786720396142,P539.D24,2012,Fiction,Audiobook,Main,34840961654905,0,,09/13/2014,In Transit,12.39,Reference
Principles of American Poetry,"Carter, Sharon",9785781905054,P685.F58,2025,Poetry,Book,Main,31435006438192,0,,01/22/2025,In Transit,41.76,Juvenile
Handbook of Poetry,"Thompson, Charles",9783692657073,P45.E84,2022,Poetry,eBook,Main,34752828959960,15,02/23/2023,03/25/2022,Checked Out,28.72,Adult Non-Fiction
The Finance in Practice,"Martinez, Ana",9789892481056,H663.B96,2004,Finance,Large Print,Main,35552283024005,2,03/28/2022,06/02/2006,Checked Out,11.7,YA
The World Fiction,"Adams, Kenneth",9785606736607,P18.G87,2015,Fiction,Audiobook,YA,36098582029036,2,02/21/2025,10/03/2017,Available,34.92,Reference
Introduction to American European History,"Wright, Steven",9783723205427,D391.G85,1988,European History,eBook,Main,31197351449893,2,08/15/2008,03/24/1988,In Transit,38.47,Reference
Exploring American History,"Garcia, Maria",9783201397080,E587.G69,1977,20th Century,Book,Main,34883440678312,0,,12/24/1979,In Transit,21.71,Juvenile
Foundations of American Anthropology,"King, Betty",9781421776124,G873.A97,1977,Anthropology,CD,YA,37280663180674,0,,05/22/1977,Available,11.48,Adult Fiction
Modern American Asian History,"Allen, Mark",9787729620601,D922.D41,1988,Asian History,Book,Main,38537490045888,1,12/16/1999,05/23/1990,Available,14.63,Adult Non-Fiction
Foundations of World Sociology,"Rodriguez, Carlos",9786606958660,H730.G36,1985,Sociology,Book,YA,34088548918441,2,03/09/2006,08/15/1986,In Transit,22.26,Adult Non-Fiction
A World Manufacturing,"Roberts, Brian",9787781327255,T913.D34,1995,Manufacturing,Book,YA,39304489678738,2,05/31/2003,01/28/1995,Available,32.36,Juvenile
Handbook of Higher Education,"Green, Andrew",9783208200227,L751.E18,1984,Higher Education,CD,Children,34148894883049,2,09/08/2025,06/17/1985,In Transit,33.51,Reference
Complete Guide to Language & Literature,"Edwards, Timothy",9786846530109,P962.F6,1999,Poetry,eBook,Children,39001171463968,1,08/31/2015,05/12/1999,Available,10.57,Adult Non-Fiction
Handbook of American Drama,"Ramirez, Lisa",9789924243978,P649.E95,2010,Drama,Periodical,Main,34920906750521,0,,07/21/2010,In Transit,23.0,YA
Introduction to Constitutional Law in Practice,"Green, Andrew",9781908459040,K812.H78,2022,Constitutional Law,eBook,Main,37370112344640,8,04/12/2023,04/03/2022,In Transit,32.8,Adult Non-Fiction
Understanding American ESL,"Wright, Steven",9782046556006,P738.B62,2004,ESL,Audiobook,Main,33367219024486,0,,11/27/2004,In Transit,24.19,Adult Non-Fiction
Principles of World ESL,"Campbell, Edward",9781368287033,P265.C67,1999,ESL,Book,Children,33999955922637,0,,12/24/1999,Available,33.47,YA
Advanced World Drama,"Hernandez, Luis",9786919372698,P841.C80,1999,Drama,CD,Main,31288229113932,2,09/02/1999,08/20/2000,Available,11.54,Reference
Complete Guide to American Engineering,"Lopez, Laura",9781504729135,T847.C78,1999,Engineering,Large Print,Children,33292049638477,1,04/29/2002,01/26/2001,In Transit,27.61,Reference
Handbook of Engineering in Practice,"Turner, Ronald",9785714658227,T535.G48,1985,Engineering,Large Print,Main,39393459242987,2,09/07/1991,08/26/1985,Available,23.1,Adult Non-Fiction
New Finance,"Collins, Carolyn",9783811254192,H264.D1,2008,Finance,Large Print,Main,37371192476214,1,07/04/2014,09/04/2010,Available,9.26,Adult Fiction
Exploring World Sculpture,"Mitchell, Ruth",9783072183247,N268.G73,2011,Sculpture,DVD,Main,35464548754623,1,10/12/2013,04/14/2012,Available,37.99,Reference
Understanding Government in Practice,"Collins, Carolyn",9788671160006,J754.C85,2019,Government,Large Print,YA,33826312045850,5,10/04/2023,03/04/2021,Checked Out,27.8,Adult Non-Fiction
Understanding Farming Today,"Moore, William",9787418263314,S483.G12,1975,Farming,Book,Main,34424317323535,2,09/07/1991,10/02/1975,Available,43.43,Reference
The Language & Literature,"Carter, Sharon",9786992094064,P174.A47,2023,Poetry,CD,YA,32209907843331,3,12/03/2023,05/25/2023,Available,22.06,Reference
Principles of Social Sciences,"Thomas, Richard",9789900829971,H937.F45,2016,Sociology,Periodical,Main,39073574720690,8,02/09/2026,07/19/2017,Checked Out,18.65,Reference
Foundations of World Manufacturing,"Thomas, Richard",9789631695368,T265.B49,1988,Manufacturing,Book,Main,36051947798422,0,,06/14/1988,Available,44.34,YA
Understanding American Drama,"Harris, Christopher",9784908108692,P954.C61,2011,Drama,Periodical,Children,34512154153837,0,,03/24/2012,Available,34.26,Adult Fiction
New Computing,"Martinez, Ana",9785114549022,T208.D80,1993,Computing,Book,Children,39660008774037,0,,02/22/1993,In Transit,44.35,Juvenile
Handbook of Poetry Theory,"Brown, Patricia",9786045729129,P287.G29,2001,Poetry,Periodical,Main,36551073734582,2,09/13/2024,08/18/2002,Available,27.58,Adult Non-Fiction
Handbook of Biology Today,"Lopez, Laura",9786768555384,Q104.F47,1986,Biology,CD,Main,38458205426776,0,,05/16/1986,Available,44.46,YA
Foundations of Science,"Hill, George",9787680134655,Q287.H24,2007,Physics,Large Print,Children,33564937560826,0,,12/09/2007,Available,38.74,YA
Advanced Forestry Today,"Adams, Kenneth",9783438830691,S512.C81,1970,Forestry,Large Print,Children,32052968535571,0,,05/09/1971,Available,29.79,Juvenile
The Drama in Practice,"Harris, Christopher",9783600929253,P267.F47,1996,Drama,Audiobook,YA,36006988301898,0,,06/28/1996,Available,34.13,Juvenile
Foundations of Language & Literature,"King, Betty",9784895849088,P911.B49,2022,Drama,eBook,Main,37043714767987,15,04/09/2024,11/26/2022,Available,24.6,Juvenile
Modern World Sociology,"Stewart, Janet",9781099218439,H620.G35,2011,Sociology,DVD,Main,35426659680078,0,,09/15/2013,Available,24.31,Adult Fiction
New State History in Practice,"Johnson, Mary",9781666898313,F66.H71,1995,State History,Book,Children,35034303027796,0,,02/04/1997,Available,18.7,Juvenile
Modern Fiction Theory,"Phillips, Kevin",9782910594463,P859.C4,1998,Fiction,Periodical,YA,39034155448103,0,,08/15/1999,In Transit,45.06,YA
Modern ESL in Practice,"Lee, Susan",9784641902461,P494.D12,2024,ESL,Audiobook,Main,39251863810098,5,02/07/2026,03/10/2025,In Transit,8.99,Adult Non-Fiction
Principles of Science,"Martin, Joseph",9787702529931,Q307.A99,1997,Chemistry,eBook,Children,33870111449396,2,09/14/2017,09/12/1997,Checked Out,24.22,YA
Foundations of Finance Today,"Turner, Ronald",9786449549092,H641.D67,1986,Finance,Large Print,Main,32206256520275,0,,11/24/1987,Available,28.67,Adult Fiction
Complete Guide to Social Sciences,"Mitchell, Ruth",9781095051435,H633.H35,1977,Finance,eBook,Main,35734265632904,1,09/16/2021,01/05/1978,Available,44.87,YA
Essential Physics Today,"White, Margaret",9785431277186,Q155.A64,1986,Physics,Book,Main,33572477723070,0,,06/15/1987,Available,34.78,Juvenile
The Nursing,"Lewis, Daniel",9782902502763,R482.C25,1995,Nursing,Periodical,Main,39105458758597,0,,04/13/1997,Available,37.53,Reference
Advanced Poetry,"Roberts, Brian",9782283392443,P698.E42,2003,Poetry,Large Print,Main,31918639901612,0,,09/17/2005,Available,13.51,Adult Non-Fiction
Essential Finance Theory,"Davis, Jennifer",9788261722027,H16.C36,2010,Finance,Audiobook,YA,37533310942545,0,,01/02/2010,Available,30.49,Adult Fiction
Introduction to World Local History,"Carter, Sharon",9789125201729,F347.A8,2001,Local History,CD,Main,37302339528471,0,,02/05/2003,Available,27.04,Juvenile
Understanding American Logic,"Scott, Sandra",9783381646593,B573.E70,2001,Logic,eBook,Main,33725290483554,1,08/23/2011,09/12/2001,Checked Out,36.09,Juvenile
Advanced Technology,"Lewis, Daniel",9786320547759,T465.A82,1993,Manufacturing,Audiobook,Main,34338853849490,1,10/30/2009,10/28/1993,In Transit,37.7,YA
A Nutrition,"Thompson, Charles",9785027818352,R290.F53,2005,Nutrition,CD,Main,31553507436816,0,,11/03/2007,Available,10.61,Adult Non-Fiction
Principles of World ESL,"Baker, Donna",9781304401362,P585.G85,2002,ESL,Book,Main,39644290621618,0,,05/02/2004,Available,22.55,YA
Principles of Forestry Today,"Brown, Patricia",9782305260125,S572.G48,2010,Forestry,Audiobook,Main,32778533584566,0,,01/24/2012,Available,11.59,Reference
Advanced American Teaching Methods,"Nelson, Helen",9787771289365,L673.D73,1982,Teaching Methods,Periodical,Children,33933909779572,0,,12/04/1983,Available,37.34,Reference
Modern Instruments Theory,"Nelson, Helen",9783343446878,M547.H46,2002,Instruments,Book,Children,37331873098793,0,,07/25/2003,Checked Out,32.42,YA
The Teaching Methods Today,"Lee, Susan",9781664494972,L292.A67,1970,Teaching Methods,Book,Main,37255449656254,1,11/29/1997,04/28/1970,Available,9.79,Adult Fiction
Essential American Economics,"Hill, George",9783072464202,H239.E39,1993,Economics,Book,Children,32678935596745,1,09/14/1993,12/03/1993,In Transit,21.0,Juvenile
Essential Psychology in Practice,"Harris, Christopher",9784988535000,B391.B8,2016,Psychology,CD,Children,36360351663195,8,11/04/2018,04/24/2016,In Transit,40.42,Adult Non-Fiction
Advanced Economics in Practice,"Evans, Deborah",9787150116885,H335.D20,2004,Economics,Book,Children,33324213015555,1,07/10/2003,10/19/2005,Available,12.32,Adult Non-Fiction
Essential ESL Theory,"Green, Andrew",9783402158803,P409.E11,2026,ESL,Periodical,Children,34451312585300,0,,03/25/2026,In Transit,13.98,Reference
Principles of Biology,"Evans, Deborah",9782495970877,Q74.E56,2002,Biology,Book,Main,31428016726213,0,,11/14/2002,Available,24.66,Adult Fiction
Understanding World Government,"Thomas, Richard",9781234238999,J639.C57,2009,Government,eBook,YA,33598140520518,2,10/28/2009,03/25/2010,Available,40.54,Adult Non-Fiction
Understanding World Government,"White, Margaret",9785373945362,J313.H61,2014,Government,Book,YA,31766766763572,8,11/27/2013,04/07/2016,Available,28.35,Adult Fiction
A Logic in Practice,"Smith, John",9788130076816,B278.A60,1988,Logic,CD,Main,36145452761394,0,,05/22/1990,Checked Out,40.52,Adult Fiction
Understanding American Teaching Methods,"Lopez, Laura",9786604621025,L926.F63,2002,Teaching Methods,Book,Children,31322796879629,1,03/13/2025,09/23/2003,Available,10.46,Juvenile
The American Criminal Law,"Lewis, Daniel",9781589530134,K514.E8,2010,Criminal Law,Book,Children,35001563147748,0,,04/05/2011,Checked Out,21.64,Adult Fiction
Foundations of Language & Literature,"Anderson, Linda",9784704785815,P932.F58,1999,Poetry,DVD,Main,33379023456800,0,,09/22/2001,Checked Out,38.59,Adult Fiction
Advanced Drama,"Martinez, Ana",9782175945569,P70.B24,2026,Drama,Audiobook,Main,33311150985069,2,09/26/2025,07/14/2026,Available,25.38,Adult Non-Fiction
Foundations of Public Health,"Thomas, Richard",9787892184524,R621.D77,2009,Public Health,DVD,Main,39643138328813,1,09/02/2008,02/23/2010,Checked Out,26.62,Adult Fiction
Advanced World Local History,"Thomas, Richard",9787945217063,F419.A35,1982,Local History,Book,Main,39052491482561,0,,04/03/1982,Available,15.54,YA
Principles of World Instruments,"Robinson, Nancy",9784379795093,M753.G93,2019,Instruments,CD,YA,38941864040204,0,,10/18/2021,Checked Out,28.42,Adult Non-Fiction
New World Information Science,"Baker, Donna",9788849572476,Z406.A72,1985,Information Science,Periodical,Children,38431008476583,1,06/12/2006,04/10/1985,Available,23.72,Reference
A Philosophy & Psychology,"Green, Andrew",9786684221411,B475.H12,2014,Logic,Book,Main,38980817513602,3,02/16/2023,12/18/2016,In Transit,23.53,Adult Fiction
A World Bibliography,"Garcia, Maria",9788332707996,Z332.C92,1999,Bibliography,DVD,YA,37662181039942,0,,11/12/2000,In Transit,12.15,YA
New World Ethics,"Lopez, Laura",9787211631821,B580.C21,2019,Ethics,Audiobook,Main,31061000783591,0,,07/10/2019,In Transit,20.44,Juvenile
Understanding American Psychology,"Taylor, Barbara",9789930976126,B557.A78,1999,Psychology,eBook,YA,35303585461509,0,,08/15/2001,In Transit,24.17,Juvenile
Introduction to Drama Theory,"Williams, Robert",9784953022176,P190.C8,2025,Drama,Book,Main,38331976843150,3,06/21/2024,11/19/2025,Available,20.03,Adult Fiction
A Drama Theory,"Williams, Robert",9788552450838,P587.C59,2008,Drama,CD,YA,36149944642368,1,08/30/2017,06/12/2009,Checked Out,39.34,Adult Fiction
Understanding American Colonial Period,"Turner, Ronald",9786528427385,E338.G68,2014,Colonial Period,DVD,YA,36569918880170,8,04/19/2014,02/19/2014,Available,45.52,Reference
New Language & Literature,"Scott, Sandra",9781831314297,P577.H67,2012,ESL,CD,Main,39177720754111,0,,04/23/2014,Available,19.74,Adult Fiction
Understanding Nutrition,"Roberts, Brian",9784393863868,R47.F45,2009,Nutrition,Large Print,Main,39913346849151,0,,04/23/2011,In Transit,19.41,Juvenile
The Nutrition Theory,"Mitchell, Ruth",9789742656117,R350.G93,1970,Nutrition,Audiobook,Main,33733667207794,0,,04/11/1970,Checked Out,39.84,Reference
Advanced World International Relations,"Hill, George",9788239138603,J951.A67,1999,International Relations,Large Print,Main,35931263715518,2,04/28/2025,09/18/2000,Available,16.7,Juvenile
Exploring World Teaching Methods,"Edwards, Timothy",9786315632990,L585.G24,2010,Teaching Methods,Book,Children,34802345837356,1,01/27/2020,12/02/2011,In Transit,24.3,Juvenile
The Local History Theory,"Green, Andrew",9789261957016,F797.D12,1977,Local History,Book,YA,33518256741269,0,,09/05/1978,Available,16.03,Reference
Exploring Mathematics,"Smith, John",9781198168828,Q471.G92,2001,Mathematics,Book,YA,36496465304759,0,,10/28/2003,Available,12.21,Reference
Handbook of Nursing Today,"Jackson, Elizabeth",9782175261501,R329.D25,1989,Nursing,Book,Main,34633982030965,1,12/06/2013,11/04/1990,In Transit,14.51,Juvenile
A Poetry Today,"Hernandez, Luis",9781558663601,P966.E74,2010,Poetry,Book,Children,32859937546099,0,,06/18/2012,Checked Out,25.4,Adult Non-Fiction
Modern Asian History Theory,"Lee, Susan",9783291300350,D722.H79,1997,Asian History,Book,Children,33317426009024,0,,12/25/1997,Available,33.81,YA
Exploring European History Today,"Mitchell, Ruth",9786689805567,D482.D29,1999,European History,eBook,Children,32146886251502,0,,03/23/2000,Checked Out,42.93,Adult Non-Fiction
A Government in Practice,"Green, Andrew",9787274839226,J290.F78,2000,Government,Book,YA,35197958767655,0,,02/11/2002,In Transit,29.57,Adult Fiction
Principles of ESL Theory,"Young, Karen",9789924488511,P68.F27,2000,ESL,Large Print,YA,39563463627053,0,,09/23/2001,Available,17.73,Reference
A American Drama,"Robinson, Nancy",9786922377726,P100.H23,2019,Drama,Periodical,Children,32589401963649,1,06/23/2019,11/27/2019,Available,37.53,Adult Fiction
Principles of American Drama,"Lewis, Daniel",9788213650687,P677.C58,1990,Drama,Book,Children,37059834288893,2,08/05/1995,04/07/1991,Available,41.45,Reference
Handbook of Reference,"Clark, Dorothy",9781133937440,A868.C38,2009,Reference,Large Print,Children,38144174682122,1,02/08/2018,12/18/2009,Checked Out,13.05,YA
Essential Language & Literature,"Clark, Dorothy",9783784810609,P487.C25,2003,ESL,Book,Main,33392254768988,1,02/20/2020,11/05/2004,Available,9.42,Adult Fiction
Handbook of Poetry in Practice,"King, Betty",9789621846170,P916.G80,2016,Poetry,eBook,Children,35735208869002,8,03/06/2022,08/13/2018,Checked Out,17.34,Reference
Principles of Drama in Practice,"Davis, Jennifer",9786495068652,P582.H91,2013,Drama,Book,YA,35312527039363,0,,02/05/2015,Checked Out,36.01,Adult Non-Fiction
Complete Guide to American Mathematics,"Wright, Steven",9788723309920,Q320.A44,2016,Mathematics,CD,Main,31619194732732,3,06/12/2022,10/24/2017,In Transit,24.57,Juvenile
The World Physics,"Hill, George",9783082029167,Q645.H75,2007,Physics,Book,Main,32350791249714,0,,12/20/2008,Available,10.0,Juvenile
Principles of American History,"Davis, Jennifer",9786048301832,E879.E2,2009,20th Century,DVD,Main,34180358508220,0,,12/05/2011,In Transit,33.38,Adult Non-Fiction
Essential Political Science,"Stewart, Janet",9782482088956,J957.C64,1975,International Relations,CD,Main,31923916160646,0,,08/24/1977,Available,32.58,YA
Exploring Education,"Wright, Steven",9788719383556,L765.D49,2000,Higher Education,eBook,Children,36556306820730,0,,07/01/2002,In Transit,19.68,Adult Non-Fiction
Modern African History Today,"Jackson, Elizabeth",9784309260670,D980.G79,2004,African History,Audiobook,YA,36511215776900,1,08/13/2008,02/09/2005,In Transit,26.05,Adult Non-Fiction
Complete Guide to Fiction Today,"Evans, Deborah",9789691727358,P13.G13,1990,Fiction,Book,Main,33112942642002,2,11/11/2014,12/10/1990,Available,16.13,Reference
Exploring 20th Century Today,"Lopez, Laura",9789569522233,E823.C15,1994,20th Century,CD,Children,36689844338447,1,07/05/1997,11/03/1995,Available,25.77,Adult Fiction
Exploring Medicine,"Moore, William",9782686352103,R392.G43,1974,Public Health,Book,Children,33530201442686,0,,02/16/1975,In Transit,45.23,YA
The Sociology,"Miller, David",9783137611159,H935.H92,2009,Sociology,Book,Main,31665431711636,1,07/17/2020,10/24/2009,Checked Out,37.75,Juvenile
Complete Guide to 20th Century in Practice,"Stewart, Janet",9785309172294,E589.A66,2014,20th Century,Large Print,Children,37317860820609,1,08/03/2024,07/28/2015,Available,28.97,Juvenile
New Instruments Today,"Edwards, Timothy",9786115319619,M375.F11,1973,Instruments,Book,Children,32880750977747,1,06/01/1976,04/06/1975,Available,10.45,YA
Principles of World History,"Parker, Jeffrey",9788781527616,D144.A25,2026,European History,Book,Main,36965868671257,15,05/28/2025,07/03/2026,Available,32.8,Juvenile
Complete Guide to World Nutrition,"Baker, Donna",9784972053670,R122.D84,2016,Nutrition,Large Print,Main,33489944839853,0,,03/24/2018,Checked Out,30.43,Adult Non-Fiction
New Fiction,"Lee, Susan",9784511008639,P15.C81,1992,Fiction,Book,Main,32109048914160,0,,10/06/1993,Available,39.9,YA
New Political Science,"Thompson, Charles",9782176363031,J333.B88,2021,Government,Large Print,Children,38714469959529,8,05/26/2022,10/06/2021,Available,11.33,Reference
The Psychology,"Garcia, Maria",9789104238818,B386.C3,1978,Psychology,CD,Children,34625497396628,0,,02/23/1978,Available,33.1,Juvenile
Introduction to World Fiction,"Campbell, Edward",9786588610432,P961.C79,2018,Fiction,Book,Children,34376856356490,2,02/17/2019,10/03/2019,Available,39.57,Reference
Understanding African History Today,"Phillips, Kevin",9787332554920,D520.D60,2009,African History,Periodical,Main,31759877094640,0,,04/04/2009,Available,38.46,Juvenile
The American Economics,"Collins, Carolyn",9783211494631,H343.H6,1983,Economics,DVD,Main,35139897841833,0,,03/26/1983,Checked Out,10.07,Reference
Understanding Fiction,"Thompson, Charles",9781947739357,P766.F30,2010,Fiction,Book,Children,39523728067373,0,,12/14/2010,Available,41.18,YA
Advanced American History,"King, Betty",9789727779832,E183.G48,1983,Colonial Period,eBook,YA,35935173625306,1,02/02/2017,06/09/1985,Available,21.42,Adult Non-Fiction
Introduction to Computing Theory,"Campbell, Edward",9781986563860,T176.F29,1994,Computing,Large Print,Children,34809617370026,0,,10/06/1996,In Transit,30.38,YA
Modern Engineering in Practice,"Taylor, Barbara",9784857962086,T748.G95,1994,Engineering,Book,Children,31781598938999,0,,04/19/1996,Available,44.0,YA
Complete Guide to Science,"Allen, Mark",9788437965451,Q544.G62,1999,Mathematics,Large Print,Main,37305581984233,0,,09/25/1999,Available,9.45,Adult Fiction
Advanced American ESL,"Hill, George",9782741009563,P686.E21,1995,ESL,eBook,Main,39167424962262,0,,08/15/1995,Available,37.55,Adult Non-Fiction
Principles of American Higher Education,"Turner, Ronald",9785003954344,L34.E55,2014,Higher Education,Periodical,YA,37402398883457,1,05/06/2024,04/26/2016,Available,31.95,Adult Non-Fiction
Handbook of World Teaching Methods,"Carter, Sharon",9782438512030,L42.F47,1993,Teaching Methods,CD,YA,36635965337870,0,,09/23/1993,Available,37.61,Juvenile
Handbook of American ESL,"Scott, Sandra",9786550233140,P65.F45,2017,ESL,Book,YA,32154844251224,1,03/13/2020,08/23/2017,Available,34.09,YA
A World European History,"Jackson, Elizabeth",9783694130765,D296.B14,1975,European History,Book,Main,33323284053106,0,,08/05/1975,Checked Out,41.36,Juvenile
Handbook of World Painting,"Thomas, Richard",9788674352222,N299.D9,1998,Painting,Book,Children,39054976041270,1,10/14/2010,07/19/1999,Available,33.25,Reference
Exploring Civil War Theory,"Clark, Dorothy",9784969115197,E809.E30,2020,Civil War,Book,YA,34205270727571,1,12/22/2022,03/12/2020,Available,25.86,Adult Fiction
Introduction to Local History,"Clark, Dorothy",9789495542235,F325.C57,1985,Local History,Book,Main,38887161612922,0,,12/02/1987,In Transit,33.62,Adult Fiction
Modern Language & Literature,"King, Betty",9788324857808,P415.H99,2009,Poetry,Book,Children,36101974374217,0,,12/18/2009,In Transit,45.09,Adult Fiction
Introduction to World Nursing,"Williams, Robert",9784611538856,R347.B94,2006,Nursing,eBook,Children,32625032631498,1,08/09/2025,02/10/2008,Available,23.85,Adult Non-Fiction
Handbook of Fiction Theory,"Garcia, Maria",9782694036518,P228.E26,2002,Fiction,Periodical,Children,31987599392247,1,03/30/2022,11/22/2003,Available,45.1,YA
Modern Colonial Period Today,"Martin, Joseph",9789108060197,E379.G48,2015,Colonial Period,Large Print,Children,38785932543304,8,03/13/2024,08/28/2016,Available,16.97,Adult Fiction
Complete Guide to Farming Theory,"Lee, Susan",9788542452431,S143.B19,2016,Farming,Large Print,Main,38202688583206,2,09/12/2015,06/03/2018,Available,44.51,YA
Exploring American State History,"Lewis, Daniel",9786600269620,F774.C26,2005,State History,CD,YA,39155025585240,0,,01/27/2006,Available,39.56,Adult Non-Fiction
Exploring Nutrition in Practice,"Phillips, Kevin",9781122159993,R308.H16,1970,Nutrition,DVD,Main,32176694875870,0,,08/23/1970,In Transit,32.85,Juvenile
A ESL Today,"Turner, Ronald",9781251300243,P890.E81,2020,ESL,Large Print,Main,33382389509997,3,12/19/2025,12/19/2022,Available,40.27,Adult Fiction
Handbook of World Psychology,"Martin, Joseph",9789995846146,B652.F7,1987,Psychology,Large Print,Main,36675987024716,0,,09/07/1987,Available,37.35,Juvenile
Handbook of Economics Today,"Rodriguez, Carlos",9781700204852,H99.F19,2013,Economics,Audiobook,Main,39852591405359,5,07/13/2018,08/14/2014,Available,43.06,Adult Fiction
A Nursing Theory,"Jones, Michael",9782557220130,R867.B54,2005,Nursing,Periodical,Children,34029421016341,1,05/09/2018,01/16/2005,Available,20.52,Adult Non-Fiction
Introduction to Science,"Lee, Susan",9784367382040,Q878.C89,2000,Physics,Book,Main,31749176503306,0,,02/14/2000,Available,34.55,Adult Non-Fiction
The Ethics,"Moore, William",9784870516577,B608.A61,2020,Ethics,Periodical,Main,37183338146808,5,01/29/2025,11/01/2021,Available,37.94,Adult Non-Fiction
Advanced American 20th Century,"Stewart, Janet",9789649996737,E357.F21,2024,20th Century,CD,Main,34370328747620,5,10/12/2025,09/19/2024,Available,12.66,Adult Fiction
Modern World Nutrition,"Wright, Steven",9781460955243,R947.D65,2004,Nutrition,Book,Main,37678593834228,0,,03/15/2006,Checked Out,33.91,Adult Fiction
Handbook of Language & Literature,"Davis, Jennifer",9784101552989,P780.F16,2004,ESL,Book,Main,39685833117471,0,,06/23/2005,Available,19.66,YA
Exploring Finance Theory,"Walker, Paul",9788741405405,H704.H29,1999,Finance,DVD,Main,31224108375387,1,01/15/2023,04/28/2000,Checked Out,42.1,Adult Non-Fiction
Principles of Higher Education,"Turner, Ronald",9782454411858,L123.C51,1998,Higher Education,Book,YA,33157809990771,1,11/05/2009,03/03/2000,Available,45.07,YA
Complete Guide to World Chemistry,"Harris, Christopher",9782952641348,Q608.E97,1998,Chemistry,CD,Main,39608191165928,0,,07/16/2000,Checked Out,27.91,Adult Fiction
The Language & Literature,"Evans, Deborah",9783676763729,P756.A9,1998,ESL,Book,Main,34553939502325,0,,10/22/1999,Available,21.09,YA
A Fiction in Practice,"Young, Karen",9781154537730,P352.A98,2022,Fiction,Periodical,Main,33889250524127,5,01/20/2024,06/28/2023,Checked Out,25.36,YA
Foundations of American 20th Century,"Scott, Sandra",9784669411645,E500.B73,1989,20th Century,Large Print,YA,37885071964636,1,02/01/2005,09/19/1991,Available,26.6,YA
Principles of Fiction,"Johnson, Mary",9787979978982,P785.E42,2014,Fiction,Audiobook,Children,38529495785175,3,07/23/2025,06/12/2014,Available,37.3,Juvenile
A World Sculpture,"Ramirez, Lisa",9789674596936,N254.D83,1992,Sculpture,Book,Main,39104763823213,0,,05/04/1992,Checked Out,21.48,Reference
Essential American Fiction,"Thompson, Charles",9783899580938,P713.H76,2016,Fiction,Book,Main,39845471107559,1,01/24/2025,06/19/2017,Available,38.9,Adult Fiction
Understanding Fiction Today,"Adams, Kenneth",9789984890483,P207.H82,2009,Fiction,Large Print,YA,35807515112698,0,,01/10/2010,Available,45.85,Reference
Handbook of Forestry Theory,"Lee, Susan",9786154291401,S215.F10,2003,Forestry,Large Print,Children,38973672795369,0,,07/22/2004,In Transit,28.97,Adult Fiction
Foundations of Information Science Theory,"Anderson, Linda",9789189797508,Z884.C74,1971,Information Science,Periodical,YA,37408952982342,1,05/15/1978,08/09/1973,Checked Out,38.92,Adult Fiction
Foundations of Social Sciences,"Jones, Michael",9783582272957,H865.G53,1979,Sociology,DVD,Children,32998184071165,1,05/30/2000,05/27/1980,Available,32.89,Adult Fiction
Foundations of Psychology,"Young, Karen",9783365264764,B476.H72,1985,Psychology,DVD,Main,31970748116301,2,01/16/2020,03/09/1985,Available,10.07,Juvenile
Advanced Fiction Theory,"Robinson, Nancy",9785006927241,P923.G47,2009,Fiction,Book,YA,35430367257299,2,05/10/2013,04/04/2009,Checked Out,36.17,Adult Non-Fiction
Essential Social Sciences,"Taylor, Barbara",9786474139112,H338.G96,2008,Finance,Audiobook,Children,31986079312162,0,,02/06/2008,Checked Out,16.91,Reference
New Education,"Jackson, Elizabeth",9782323586087,L559.G61,2014,Teaching Methods,Audiobook,YA,35216247411382,0,,08/23/2015,Available,22.6,Reference
Essential Teaching Methods,"Allen, Mark",9784249864004,L925.B69,1989,Teaching Methods,Audiobook,Main,33821322126763,1,02/11/2022,05/10/1990,Checked Out,43.63,Juvenile
Complete Guide to Bibliography in Practice,"Stewart, Janet",9784522909617,Z809.A36,2021,Bibliography,Large Print,Main,35590025030283,8,06/07/2022,07/27/2023,In Transit,35.53,Adult Non-Fiction
The World Constitutional Law,"Edwards, Timothy",9781584511650,K756.F59,1996,Constitutional Law,Periodical,Children,36520345292035,1,04/10/2006,03/21/1998,In Transit,38.26,Adult Non-Fiction
New 20th Century Today,"Walker, Paul",9782119611566,E731.C77,1980,20th Century,Periodical,YA,36763102088067,0,,08/28/1981,Available,36.19,Adult Fiction
The American European History,"Johnson, Mary",9782986099771,D403.G74,1996,European History,Book,Main,31872603162420,0,,10/21/1998,Checked Out,17.45,Reference
The World Photography,"Davis, Jennifer",9788188100401,N92.F22,2008,Photography,Book,Main,34350946993597,0,,07/25/2010,Available,43.03,Juvenile
Advanced World Physics,"Martin, Joseph",9781626819783,Q442.D77,1998,Physics,Book,Main,35608397379845,0,,07/06/1998,Available,24.11,Reference
Introduction to Fiction Theory,"Wright, Steven",9788358721864,P701.H11,2005,Fiction,CD,Children,32285295702057,0,,12/13/2006,Available,34.4,Reference
Advanced World Logic,"Campbell, Edward",9786931082155,B483.F78,1973,Logic,Book,Children,37526938371057,0,,01/09/1973,Available,27.66,Reference
A Psychology Today,"Rodriguez, Carlos",9785796800114,B174.H44,2007,Psychology,DVD,Main,33250470592610,0,,09/14/2009,Checked Out,14.24,Juvenile
Modern Biology in Practice,"Baker, Donna",9788723296882,Q925.E79,2006,Biology,DVD,Main,33612151521015,0,,06/24/2006,Available,45.79,Adult Fiction
The Maps in Practice,"Scott, Sandra",9783117369705,G168.H56,1972,Maps,DVD,Main,37146629291487,0,,12/18/1973,Available,26.94,Adult Fiction
Understanding American Manufacturing,"Ramirez, Lisa",9781330005804,T768.E73,1996,Manufacturing,Book,Children,32660764676210,0,,09/25/1996,Available,30.11,Adult Non-Fiction
Introduction to Economics,"Thompson, Charles",9789397526641,H404.F76,2013,Economics,Book,YA,31101610363390,5,05/27/2015,08/27/2013,Available,25.79,Adult Non-Fiction
New Drama,"Thompson, Charles",9787008051512,P133.D7,2018,Drama,CD,Main,32569376399639,1,05/30/2019,02/18/2020,Available,23.1,Adult Fiction
New Local History in Practice,"Scott, Sandra",9783858387914,F292.C16,1994,Local History,Large Print,Main,34515485076977,2,02/03/1999,05/22/1996,Checked Out,13.85,YA
Principles of Education,"Clark, Dorothy",9787499752071,L615.G12,2000,Higher Education,CD,Children,34945685265538,0,,11/14/2001,Available,12.43,YA
Introduction to Language & Literature,"Lee, Susan",9789794925952,P480.G11,2023,ESL,DVD,Main,31794213764625,1,10/07/2024,05/27/2025,In Transit,28.34,Adult Non-Fiction
A Drama Theory,"Ramirez, Lisa",9782687738937,P476.E46,2017,Drama,Book,Main,36238590416696,2,11/09/2017,01/04/2019,Available,33.47,Reference
Introduction to Physics,"Anderson, Linda",9783295127484,Q639.E44,1993,Physics,eBook,Main,33050395628151,2,12/15/1995,10/09/1995,Available,12.92,Adult Fiction
Foundations of World Drama,"Turner, Ronald",9781580310006,P890.H39,2020,Drama,Large Print,Main,34311293171146,2,10/08/2022,07/26/2022,Available,12.23,Adult Fiction
Complete Guide to Language & Literature,"Stewart, Janet",9788312603168,P447.D12,1999,Drama,Book,Children,31345622414378,1,12/08/2020,07/01/2000,Checked Out,15.14,Reference
A World Sociology,"Smith, John",9782248867120,H850.G7,1982,Sociology,CD,Children,39552996500474,0,,07/14/1984,In Transit,40.39,Reference
Principles of Mathematics Today,"Young, Karen",9785797223937,Q238.A68,2013,Mathematics,eBook,YA,38887049295989,5,10/21/2016,02/09/2015,Checked Out,41.89,Adult Non-Fiction
Understanding American State History,"Green, Andrew",9788116581001,F481.F57,1988,State History,Book,Main,36162048923359,1,11/18/1987,06/20/1990,Checked Out,40.16,YA
Exploring World Manufacturing,"Anderson, Linda",9781856778208,T816.H21,2021,Manufacturing,Audiobook,YA,32775935414909,5,09/30/2020,02/22/2023,Checked Out,13.77,YA
Foundations of Social Sciences,"Harris, Christopher",9786745527027,H49.A46,1985,Sociology,Periodical,Main,34988382063256,0,,09/02/1985,Available,38.84,Reference
Handbook of Economics Today,"Stewart, Janet",9783875420006,H804.F99,2001,Economics,Audiobook,Main,32795070343561,0,,12/28/2001,In Transit,28.06,Adult Non-Fiction
Exploring World Poetry,"Parker, Jeffrey",9781426465521,P892.D47,1996,Poetry,Book,Main,33160960278130,0,,09/16/1997,Available,36.09,YA
Introduction to Sculpture,"Green, Andrew",9783856132881,N252.H44,2019,Sculpture,Book,Main,38419683350806,8,07/05/2021,06/23/2020,Available,22.33,Adult Fiction
The Forestry in Practice,"Clark, Dorothy",9785052915145,S920.H67,1997,Forestry,Large Print,Main,36537665847583,0,,01/23/1997,Checked Out,38.82,Adult Fiction
Advanced Painting Theory,"Roberts, Brian",9789046820375,N677.C74,1973,Painting,Book,Main,37055514036857,0,,09/10/1975,Available,24.5,Juvenile
Modern ESL Theory,"Turner, Ronald",9781361983810,P457.D70,1999,ESL,Large Print,YA,37860499407892,1,04/24/2017,07/25/2001,Available,41.59,Reference
Foundations of Language & Literature,"Edwards, Timothy",9782111065867,P524.E67,2008,Drama,Book,Main,38437708722847,0,,01/26/2008,In Transit,28.97,Adult Non-Fiction
Foundations of Mathematics,"Edwards, Timothy",9786299293408,Q266.F16,1992,Mathematics,Audiobook,Main,33463904341808,2,02/09/1993,05/19/1993,Checked Out,9.18,Reference
Introduction to World Chemistry,"Miller, David",9785853585011,Q529.D47,1991,Chemistry,Audiobook,Main,32372010827611,0,,07/03/1992,Available,12.4,Reference
Foundations of Composers in Practice,"Scott, Sandra",9784538244882,M798.G34,2007,Composers,Periodical,Main,33235555327777,1,10/01/2009,12/16/2008,Checked Out,45.0,YA
Advanced American History,"Williams, Robert",9782243782053,E121.D59,2015,Civil War,Periodical,YA,33070832674548,3,12/30/2016,06/04/2017,Available,13.07,Juvenile
Exploring Higher Education Today,"Brown, Patricia",9781008958266,L29.C19,1989,Higher Education,eBook,YA,32186908409507,0,,03/27/1989,Available,36.36,YA
Principles of Language & Literature,"Parker, Jeffrey",9788160658584,P464.F49,2026,ESL,CD,Main,32569059856354,5,07/08/2025,09/21/2026,In Transit,37.17,Reference
Exploring World Instruments,"Collins, Carolyn",9783770939734,M348.A86,1994,Instruments,Large Print,YA,34384799954458,0,,03/23/1994,In Transit,9.91,Reference
Foundations of American Fiction,"Davis, Jennifer",9782907951048,P194.H65,1993,Fiction,Periodical,YA,36637603513972,1,12/06/2016,01/09/1993,Checked Out,18.07,Reference
Handbook of Psychology Today,"Johnson, Mary",9783326924276,B349.G24,2001,Psychology,Book,Main,34213254159820,2,01/07/2021,05/03/2002,Available,45.24,Adult Non-Fiction
The Colonial Period Today,"Torres, Cynthia",9789130420445,E61.F24,1989,Colonial Period,Book,Main,31911052612910,0,,02/11/1990,Available,14.26,Adult Fiction
Modern Nursing in Practice,"Brown, Patricia",9783721039153,R505.G15,2008,Nursing,Book,Main,32785310949218,1,04/21/2015,07/03/2010,Available,10.06,Reference
Modern American Poetry,"Martinez, Ana",9787679328037,P417.H11,1998,Poetry,CD,Main,33946227657337,0,,04/18/1998,Available,44.24,Adult Non-Fiction
Handbook of Poetry Today,"Ramirez, Lisa",9782291231895,P860.G45,2007,Poetry,DVD,Children,33163368280946,1,03/08/2014,03/24/2007,Available,29.82,Reference
Exploring Sociology Theory,"Roberts, Brian",9786676393078,H626.F88,2026,Sociology,Book,Main,36779305904710,12,10/26/2025,08/09/2026,Available,33.49,Adult Fiction
Handbook of World Poetry,"Walker, Paul",9789922893828,P5.A87,1990,Poetry,eBook,Main,37206757808653,1,07/17/2008,08/25/1992,Checked Out,28.9,Reference
The Law,"Allen, Mark",9782536829594,K128.H48,1994,Constitutional Law,Book,Main,36332739784916,0,,01/25/1996,Available,19.39,Adult Fiction
Essential Poetry,"Roberts, Brian",9783369899340,P505.D1,2013,Poetry,DVD,YA,32147510158679,0,,10/17/2014,In Transit,27.27,Adult Fiction
Foundations of Biology,"Wilson, James",9789087861217,Q956.D67,1993,Biology,DVD,Main,38515926009183,0,,11/18/1995,Available,31.72,Juvenile
New Sculpture,"Baker, Donna",9787581652053,N125.H64,2024,Sculpture,DVD,Main,37893444669024,12,08/08/2024,04/02/2026,Available,42.97,Juvenile
Introduction to European History Today,"Wilson, James",9785414679868,D707.G10,2026,European History,Book,Children,31424377382335,0,,02/21/2026,In Transit,32.13,Juvenile
Handbook of Engineering Theory,"White, Margaret",9781536125194,T485.D44,1992,Engineering,Book,Main,31588052810543,0,,02/25/1992,Checked Out,31.19,Juvenile
Foundations of Computing in Practice,"Mitchell, Ruth",9786933306132,T64.H8,2023,Computing,Book,Main,35099164495823,1,11/06/2025,02/22/2023,In Transit,29.68,Reference
Modern World Logic,"Miller, David",9783524639163,B815.G80,1999,Logic,eBook,Main,31215189413528,0,,01/15/2001,In Transit,28.13,Adult Non-Fiction
Advanced American ESL,"Wright, Steven",9781259807661,P653.E46,2002,ESL,Book,Main,38669027127513,1,12/27/2019,03/08/2003,In Transit,38.48,Juvenile
Exploring Finance Today,"White, Margaret",9781246177424,H151.H40,2007,Finance,Book,YA,38421938024006,1,05/31/2011,09/19/2007,Available,34.09,Adult Fiction
Advanced Travel in Practice,"Turner, Ronald",9786581875190,G350.D86,2010,Travel,Book,Main,32843237957240,0,,12/11/2012,Checked Out,40.51,Adult Non-Fiction
Complete Guide to World Poetry,"Taylor, Barbara",9785251493847,P710.D60,2004,Poetry,Book,Main,32297122609625,0,,12/13/2005,Available,16.59,Adult Non-Fiction
The Language & Literature,"Williams, Robert",9786043513610,P451.D81,1997,Drama,DVD,YA,34140677501855,0,,05/06/1997,Available,17.09,Adult Non-Fiction
Modern Geography,"Davis, Jennifer",9783838581316,G22.C49,2023,Anthropology,Book,YA,38631648634863,5,02/02/2024,08/08/2024,Available,38.94,Adult Non-Fiction
Principles of Civil War in Practice,"Thompson, Charles",9785933057363,E197.G89,2026,Civil War,Book,Main,35929744615702,2,04/19/2025,04/02/2026,Available,30.72,Reference
Handbook of Fiction in Practice,"Hernandez, Luis",9782994012789,P804.H85,2021,Fiction,Book,Main,37578655038004,0,,09/12/2023,In Transit,27.44,YA
Understanding Science,"Anderson, Linda",9788913183466,Q596.G82,1998,Mathematics,DVD,Main,32492718254459,0,,04/13/1999,Available,17.08,Adult Non-Fiction
Modern Finance in Practice,"Mitchell, Ruth",9787431898475,H236.A60,1998,Finance,Audiobook,Main,31435433967540,1,10/26/2007,08/14/1999,Available,22.59,YA
Handbook of World Finance,"Green, Andrew",9782547205674,H368.B38,1986,Finance,Book,YA,36872080603931,1,09/30/2021,05/08/1986,Available,13.38,Juvenile
Handbook of Finance Today,"Collins, Carolyn",9789576372513,H196.C97,1989,Finance,DVD,Children,39302222853426,1,04/11/1989,05/10/1989,In Transit,21.82,Adult Fiction
Principles of Engineering Theory,"Baker, Donna",9785663801308,T741.D61,1985,Engineering,Book,Main,34686875895711,0,,08/24/1987,Checked Out,39.12,YA
Complete Guide to Manufacturing Theory,"Smith, John",9788527472128,T143.C40,2006,Manufacturing,Audiobook,YA,36735068272165,0,,06/11/2008,In Transit,17.33,Adult Non-Fiction
Understanding ESL in Practice,"Lewis, Daniel",9785761565487,P976.F73,1992,ESL,Book,YA,38945526023173,0,,09/13/1992,Available,15.96,Adult Non-Fiction
Introduction to Local History,"Johnson, Mary",9785595526656,F182.A89,1976,Local History,Periodical,Main,34019409455998,1,09/10/2007,07/10/1976,Available,17.61,YA
Understanding Education,"Lewis, Daniel",9788150229969,L550.G62,1980,Teaching Methods,Book,Main,36462937070041,0,,05/14/1980,In Transit,39.25,Adult Fiction
Principles of Fiction Theory,"Robinson, Nancy",9787271530837,P8.C58,2019,Fiction,Book,YA,36064157725020,1,10/12/2019,09/11/2019,Checked Out,41.52,Juvenile
Principles of World Physics,"Lopez, Laura",9783442183999,Q628.C54,2026,Physics,Large Print,Children,35213550454842,5,03/28/2025,08/13/2026,Available,15.78,Juvenile
Essential Bibliography Theory,"Scott, Sandra",9788642940018,Z683.B90,2010,Bibliography,DVD,Children,33901039680126,1,06/12/2024,02/12/2012,Available,36.94,Adult Fiction
Essential Drama Theory,"Collins, Carolyn",9784939073335,P75.H49,1992,Drama,Book,Main,39527504001991,0,,07/02/1992,Checked Out,9.39,Adult Non-Fiction
Introduction to World History,"Jackson, Elizabeth",9782678685838,D731.H18,2005,Asian History,Book,Main,33698413071450,1,03/10/2022,10/04/2005,Checked Out,19.87,Juvenile
Foundations of Anthropology Theory,"Brown, Patricia",9785736461116,G915.D57,1983,Anthropology,Book,Main,31921029909633,1,01/10/1994,11/22/1985,In Transit,33.41,Adult Non-Fiction
A Ethics,"Wilson, James",9781271319459,B952.D48,2019,Ethics,Book,Main,31773811575785,2,05/20/2022,01/01/2020,Checked Out,39.35,Reference
Essential Colonial Period in Practice,"Adams, Kenneth",9781745698933,E576.D80,2022,Colonial Period,Audiobook,Children,36564791525835,8,07/27/2025,04/07/2022,Available,22.18,YA
The Finance,"Clark, Dorothy",9785254054712,H674.E84,1999,Finance,Book,YA,34017511758917,0,,07/10/1999,Available,37.39,Adult Non-Fiction
New World Poetry,"Roberts, Brian",9787807681712,P695.C43,2010,Poetry,Large Print,Children,35091994932339,1,08/24/2024,11/16/2011,In Transit,21.39,Reference
Essential Physics Theory,"Collins, Carolyn",9786903534019,Q632.B40,1986,Physics,Book,Main,33668042324835,0,,10/03/1986,Checked Out,11.21,Adult Fiction
Exploring Drama Today,"Rodriguez, Carlos",9788785532495,P969.H95,1992,Drama,CD,Main,36827123319488,0,,01/17/1994,Available,38.29,Adult Fiction
Modern Social Sciences,"Baker, Donna",9783111587573,H821.D78,2004,Sociology,Book,Main,33491046725936,0,,11/01/2005,Available,11.38,Adult Fiction
Essential World African History,"Garcia, Maria",9786364282848,D852.D31,1981,African History,Periodical,Main,38888035668371,1,06/10/2008,05/06/1982,Available,18.05,Juvenile
Essential American Computing,"Allen, Mark",9788703275529,T408.G22,1996,Computing,Audiobook,Main,37712011377780,0,,12/14/1998,Checked Out,37.12,Adult Non-Fiction
Exploring Nursing in Practice,"King, Betty",9782431229740,R157.C33,1989,Nursing,Periodical,Children,33719554891121,1,12/23/1998,07/18/1990,Available,26.78,Adult Non-Fiction
Modern Psychology in Practice,"Collins, Carolyn",9784801044279,B504.G54,2025,Psychology,Audiobook,Main,33858582522242,20,07/06/2024,05/21/2026,Available,11.63,YA
Advanced Finance,"Clark, Dorothy",9788787318635,H522.H82,2019,Finance,Audiobook,Main,33601226900517,8,05/25/2023,07/14/2021,Available,17.96,Reference
A World Fiction,"Stewart, Janet",9789935027997,P617.C2,1999,Fiction,Book,Main,38442645774499,0,,07/13/2001,Available,35.11,YA
Essential Sociology Theory,"Parker, Jeffrey",9785907917027,H991.G76,2014,Sociology,Periodical,Main,31112992430610,1,04/27/2013,02/04/2016,Available,37.73,YA
Essential General Works,"Parker, Jeffrey",9786145458987,A538.G84,1976,Encyclopedias,Large Print,Main,38924688130792,0,,06/06/1976,In Transit,35.04,Adult Fiction
Foundations of American Travel,"Allen, Mark",9785663076330,G829.D34,1982,Travel,Book,Main,32130765083469,0,,11/06/1982,Available,11.94,Adult Non-Fiction
New Fiction,"Jackson, Elizabeth",9781415932585,P689.B2,2005,Fiction,eBook,YA,31127954748892,0,,10/26/2007,Checked Out,45.53,Reference
Modern World ESL,"White, Margaret",9787006388717,P776.F78,2007,ESL,eBook,YA,31051969866050,0,,06/27/2008,Checked Out,17.86,YA
Complete Guide to American Physics,"Clark, Dorothy",9781807174408,Q126.E90,2002,Physics,CD,Main,35107897015410,0,,11/28/2004,In Transit,26.57,YA
Essential Teaching Methods Today,"Parker, Jeffrey",9781136346958,L357.G61,2017,Teaching Methods,Book,Children,32532430676508,3,07/22/2024,04/23/2019,Available,41.17,Reference
Understanding Technology,"Adams, Kenneth",9784006086273,T978.B62,1994,Manufacturing,eBook,Main,31514175296171,0,,03/25/1994,Available,43.93,Juvenile
A World Higher Education,"Phillips, Kevin",9788266159318,L737.E86,2019,Higher Education,Book,Main,32136451264639,1,08/23/2020,09/21/2019,Available,12.34,YA
A Physics Today,"Moore, William",9785025289099,Q990.G30,2008,Physics,Periodical,Main,37470681072584,1,07/13/2018,02/03/2008,Available,36.39,Juvenile
Essential Teaching Methods Today,"Lewis, Daniel",9781954090737,L319.A76,2006,Teaching Methods,Book,Children,39103969187289,1,05/01/2023,11/26/2007,Available,28.22,Adult Fiction
Introduction to World Manufacturing,"Martin, Joseph",9783957514493,T512.H19,1997,Manufacturing,Book,Main,34796015307251,2,04/19/1999,12/02/1999,Checked Out,20.84,Juvenile
Advanced Physics,"Turner, Ronald",9784644358139,Q157.D94,2008,Physics,Audiobook,Main,37900070874270,0,,08/24/2008,Available,23.49,YA
Advanced Science,"Martin, Joseph",9786600955228,Q401.B68,1995,Biology,Large Print,Main,33420545459847,0,,09/13/1997,Checked Out,12.59,YA
Modern World Finance,"Smith, John",9784686932034,H824.D95,1979,Finance,Book,Children,33962847369523,0,,02/22/1981,Available,38.05,Adult Non-Fiction
Foundations of World Criminal Law,"Martinez, Ana",9786998543735,K121.F76,2000,Criminal Law,Book,Main,34036346695057,0,,04/02/2001,Checked Out,13.39,Adult Non-Fiction
A Public Health,"Davis, Jennifer",9787354397094,R282.H48,1999,Public Health,Large Print,Main,37752466393261,2,04/19/2003,08/21/1999,Checked Out,17.31,YA
Essential Finance Theory,"Lopez, Laura",9783098363243,H334.B92,2006,Finance,Book,YA,33184642419398,0,,01/13/2008,Available,29.56,Adult Non-Fiction
Introduction to American Maps,"Williams, Robert",9781150346559,G569.H41,2025,Maps,Book,Main,36250623926159,2,12/01/2025,11/06/2025,Available,29.8,Reference
Handbook of Local History in Practice,"Phillips, Kevin",9784520856549,F255.E6,1997,Local History,Book,Main,34307282589033,1,02/15/2012,10/16/1997,Available,28.33,Juvenile
Introduction to World Computing,"Jackson, Elizabeth",9786414555491,T566.D76,1987,Computing,CD,Main,39024717150850,0,,07/03/1989,Available,29.33,Juvenile
Advanced World Biology,"Roberts, Brian",9783598217672,Q549.D10,1989,Biology,Book,Children,33700768068743,1,11/17/2000,12/12/1989,Available,33.31,YA
Handbook of Teaching Methods in Practice,"Evans, Deborah",9782173612708,L80.E16,1971,Teaching Methods,Book,Main,31172973995857,1,03/07/2018,06/21/1971,Available,22.41,YA
Handbook of Sociology Today,"Miller, David",9781206000737,H180.E76,1994,Sociology,Book,Main,34179948960829,0,,10/28/1996,Available,19.42,Reference
Introduction to Language & Literature,"Phillips, Kevin",9789480412265,P131.E2,2015,Poetry,CD,Main,34218896683137,2,03/01/2020,10/24/2016,Checked Out,10.95,Juvenile
Exploring World Nutrition,"Thomas, Richard",9783725915610,R283.G67,1999,Nutrition,DVD,Main,35225087976352,1,02/19/2012,05/14/1999,Available,40.26,Adult Fiction
